SET NAMES utf8mb4;
DELETE FROM condition_symptoms; DELETE FROM conditions; DELETE FROM symptoms; DELETE FROM organs;
ALTER TABLE organs AUTO_INCREMENT = 1;
ALTER TABLE symptoms AUTO_INCREMENT = 1;
ALTER TABLE conditions AUTO_INCREMENT = 1;

INSERT INTO organs (id, name) VALUES (1, 'المريء');
INSERT INTO symptoms (id, name, organ_id, is_red_flag) VALUES (1, 'حموضة', 1, 0);
INSERT INTO symptoms (id, name, organ_id, is_red_flag) VALUES (2, 'ألم أعلى البطن', 1, 0);
INSERT INTO symptoms (id, name, organ_id, is_red_flag) VALUES (3, 'ألم بالصدر', 1, 0);
INSERT INTO symptoms (id, name, organ_id, is_red_flag) VALUES (4, 'صعوبة بلع', 1, 1);
INSERT INTO symptoms (id, name, organ_id, is_red_flag) VALUES (5, 'حرقة مزمنة بالمريء', 1, 0);
INSERT INTO symptoms (id, name, organ_id, is_red_flag) VALUES (6, 'فقدان وزن غير مبرر', 1, 1);
INSERT INTO organs (id, name) VALUES (2, 'المعدة');
INSERT INTO symptoms (id, name, organ_id, is_red_flag) VALUES (7, 'ألم في المعدة', 2, 0);
INSERT INTO symptoms (id, name, organ_id, is_red_flag) VALUES (8, 'ألم شديد في المعدة', 2, 1);
INSERT INTO symptoms (id, name, organ_id, is_red_flag) VALUES (9, 'غثيان أو قيء', 2, 0);
INSERT INTO symptoms (id, name, organ_id, is_red_flag) VALUES (10, 'سوء هضم', 2, 0);
INSERT INTO organs (id, name) VALUES (3, 'الأمعاء الدقيقة');
INSERT INTO symptoms (id, name, organ_id, is_red_flag) VALUES (11, 'إسهال متكرر', 3, 0);
INSERT INTO symptoms (id, name, organ_id, is_red_flag) VALUES (12, 'انتفاخ البطن', 3, 0);
INSERT INTO symptoms (id, name, organ_id, is_red_flag) VALUES (13, 'كثرة الغازات', 3, 0);
INSERT INTO symptoms (id, name, organ_id, is_red_flag) VALUES (14, 'ألم بطن', 3, 0);
INSERT INTO symptoms (id, name, organ_id, is_red_flag) VALUES (15, 'نقص فيتامينات أو عناصر غذائية', 3, 0);
INSERT INTO organs (id, name) VALUES (4, 'القولون');
INSERT INTO symptoms (id, name, organ_id, is_red_flag) VALUES (16, 'تقلصات بالبطن', 4, 0);
INSERT INTO symptoms (id, name, organ_id, is_red_flag) VALUES (17, 'إسهال دموي', 4, 1);
INSERT INTO symptoms (id, name, organ_id, is_red_flag) VALUES (18, 'إسهال متكرر أو إمساك متكرر', 4, 0);
INSERT INTO symptoms (id, name, organ_id, is_red_flag) VALUES (19, 'شعور بعدم اكتمال حركة الأمعاء', 4, 0);
INSERT INTO symptoms (id, name, organ_id, is_red_flag) VALUES (20, 'نزيف من الشرج أو مع البراز', 4, 1);
INSERT INTO organs (id, name) VALUES (5, 'الشرج');
INSERT INTO symptoms (id, name, organ_id, is_red_flag) VALUES (21, 'ألم أثناء التبرز', 5, 0);
INSERT INTO symptoms (id, name, organ_id, is_red_flag) VALUES (22, 'ألم شديد أعلى البطن', 5, 1);
INSERT INTO symptoms (id, name, organ_id, is_red_flag) VALUES (23, 'إفرازات من الشرج', 5, 0);
INSERT INTO organs (id, name) VALUES (6, 'الكبد');
INSERT INTO symptoms (id, name, organ_id, is_red_flag) VALUES (24, 'تعب عام وإرهاق', 6, 0);
INSERT INTO symptoms (id, name, organ_id, is_red_flag) VALUES (25, 'تورم البطن (استسقاء)', 6, 0);
INSERT INTO symptoms (id, name, organ_id, is_red_flag) VALUES (26, 'اصفرار الجلد أو العينين', 6, 0);
INSERT INTO organs (id, name) VALUES (7, 'البنكرياس');
INSERT INTO symptoms (id, name, organ_id, is_red_flag) VALUES (27, 'ألم بالبطن بعد الأكل الدسم', 7, 0);
INSERT INTO symptoms (id, name, organ_id, is_red_flag) VALUES (28, 'ألم مزمن بالبطن', 7, 0);

INSERT INTO conditions (id, name, description, surgery, test, treatment) VALUES (1, 'ارتجاع المريء', 'ضعف في صمام المعدة يؤدي إلى ارتجاع الحمض إلى المريء مسببًا حموضة وألمًا في الصدر أو أعلى البطن.', 'نادر', 'أحيانا منظار', 'أدوية تقليل الحمض');
INSERT INTO condition_symptoms (condition_id, symptom_id) VALUES (1, 1);
INSERT INTO condition_symptoms (condition_id, symptom_id) VALUES (1, 3);
INSERT INTO condition_symptoms (condition_id, symptom_id) VALUES (1, 2);
INSERT INTO condition_symptoms (condition_id, symptom_id) VALUES (1, 4);
INSERT INTO conditions (id, name, description, surgery, test, treatment) VALUES (2, 'مريء باريت', 'تغيّر مزمن في بطانة المريء نتيجة ارتجاع مزمن للحمض، يحتاج إلى متابعة دورية بالمنظار.', 'أحيانا', 'منظار وخزعة', 'متابعة وعلاج الارتجاع');
INSERT INTO condition_symptoms (condition_id, symptom_id) VALUES (2, 5);
INSERT INTO condition_symptoms (condition_id, symptom_id) VALUES (2, 1);
INSERT INTO conditions (id, name, description, surgery, test, treatment) VALUES (3, 'سرطان المريء', 'ورم خبيث في المريء يرتبط بالتدخين والارتجاع المزمن، يظهر غالبًا بصعوبة في البلع ونقص في الوزن.', 'غالبا', 'خزعة منظار', 'علاج أورام');
INSERT INTO condition_symptoms (condition_id, symptom_id) VALUES (3, 4);
INSERT INTO condition_symptoms (condition_id, symptom_id) VALUES (3, 6);
INSERT INTO conditions (id, name, description, surgery, test, treatment) VALUES (4, 'تقلصات المريء', 'اضطراب في حركة المريء يسبب ألمًا يشبه ألم القلب وصعوبة في بلع الطعام.', 'نادر', 'اختبار حركة المريء', 'أدوية');
INSERT INTO condition_symptoms (condition_id, symptom_id) VALUES (4, 3);
INSERT INTO condition_symptoms (condition_id, symptom_id) VALUES (4, 4);
INSERT INTO conditions (id, name, description, surgery, test, treatment) VALUES (5, 'جرثومة المعدة', 'عدوى بكتيرية في جدار المعدة تسبب ألمًا وحموضة وغثيانًا، وتحتاج إلى علاج بالمضادات الحيوية.', 'لا', 'تحليل براز أو تنفس', 'مضادات حيوية');
INSERT INTO condition_symptoms (condition_id, symptom_id) VALUES (5, 7);
INSERT INTO condition_symptoms (condition_id, symptom_id) VALUES (5, 1);
INSERT INTO condition_symptoms (condition_id, symptom_id) VALUES (5, 9);
INSERT INTO conditions (id, name, description, surgery, test, treatment) VALUES (6, 'التهاب المعدة', 'التهاب في بطانة المعدة قد يكون بسبب الجرثومة أو المسكنات، يسبب ألمًا وغثيانًا واضطرابًا في الهضم.', 'لا', 'منظار أحيانا', 'أدوية');
INSERT INTO condition_symptoms (condition_id, symptom_id) VALUES (6, 7);
INSERT INTO condition_symptoms (condition_id, symptom_id) VALUES (6, 9);
INSERT INTO condition_symptoms (condition_id, symptom_id) VALUES (6, 10);
INSERT INTO conditions (id, name, description, surgery, test, treatment) VALUES (7, 'قرحة المعدة', 'قرحة عميقة في جدار المعدة تسبب ألمًا شديدًا وقد يصاحبها قيء أو نزيف.', 'نادر', 'منظار', 'أدوية');
INSERT INTO condition_symptoms (condition_id, symptom_id) VALUES (7, 8);
INSERT INTO condition_symptoms (condition_id, symptom_id) VALUES (7, 9);
INSERT INTO conditions (id, name, description, surgery, test, treatment) VALUES (8, 'سرطان المعدة', 'التهاب مزمن بالمعدة قد يتطور إلى ورم خبيث يظهر غالبًا بألم في المعدة ونقص في الوزن.', 'غالبا', 'منظار + خزعة', 'علاج أورام');
INSERT INTO condition_symptoms (condition_id, symptom_id) VALUES (8, 6);
INSERT INTO condition_symptoms (condition_id, symptom_id) VALUES (8, 7);
INSERT INTO conditions (id, name, description, surgery, test, treatment) VALUES (9, 'مرض السيلياك', 'حساسية من الجلوتين تؤدي إلى إسهال مزمن ونقص في الوزن وسوء امتصاص للعناصر الغذائية.', 'لا', 'تحليل دم', 'نظام غذائي');
INSERT INTO condition_symptoms (condition_id, symptom_id) VALUES (9, 11);
INSERT INTO condition_symptoms (condition_id, symptom_id) VALUES (9, 6);
INSERT INTO conditions (id, name, description, surgery, test, treatment) VALUES (10, 'نمو بكتيري زائد في الأمعاء', 'زيادة غير طبيعية في البكتيريا داخل الأمعاء الدقيقة تسبب انتفاخًا وغازات وعدم ارتياح.', 'لا', 'اختبار تنفس', 'مضادات حيوية');
INSERT INTO condition_symptoms (condition_id, symptom_id) VALUES (10, 12);
INSERT INTO condition_symptoms (condition_id, symptom_id) VALUES (10, 13);
INSERT INTO conditions (id, name, description, surgery, test, treatment) VALUES (11, 'داء كرون', 'مرض مناعي مزمن يصيب القناة الهضمية ويسبب إسهالًا وألمًا بالبطن مع نوبات متكررة.', 'أحيانا', 'منظار', 'تحليل + أدوية');
INSERT INTO condition_symptoms (condition_id, symptom_id) VALUES (11, 11);
INSERT INTO condition_symptoms (condition_id, symptom_id) VALUES (11, 14);
INSERT INTO conditions (id, name, description, surgery, test, treatment) VALUES (12, 'سوء الامتصاص', 'حالات مختلفة تؤدي لعدم امتصاص الغذاء بشكل كاف، فتظهر بنقص في الفيتامينات وإسهال مزمن.', 'نادر', 'تحليل دم', 'علاج السبب');
INSERT INTO condition_symptoms (condition_id, symptom_id) VALUES (12, 11);
INSERT INTO condition_symptoms (condition_id, symptom_id) VALUES (12, 15);
INSERT INTO conditions (id, name, description, surgery, test, treatment) VALUES (13, 'القولون العصبي', 'اضطراب وظيفي شائع للقولون يرتبط بالتوتر ويظهر بألم وانتفاخ وإسهال أو إمساك متكرر.', 'لا يحتاج', 'لا غالبا', 'تنظيم الغذاء');
INSERT INTO condition_symptoms (condition_id, symptom_id) VALUES (13, 14);
INSERT INTO condition_symptoms (condition_id, symptom_id) VALUES (13, 12);
INSERT INTO condition_symptoms (condition_id, symptom_id) VALUES (13, 13);
INSERT INTO condition_symptoms (condition_id, symptom_id) VALUES (13, 16);
INSERT INTO condition_symptoms (condition_id, symptom_id) VALUES (13, 18);
INSERT INTO condition_symptoms (condition_id, symptom_id) VALUES (13, 19);
INSERT INTO conditions (id, name, description, surgery, test, treatment) VALUES (14, 'القولون التقرحي', 'مرض مناعي في القولون يسبب التهابات وتقرحات مع إسهال دموي وآلام في البطن.', 'أحيانا', 'منظار', 'أدوية');
INSERT INTO condition_symptoms (condition_id, symptom_id) VALUES (14, 17);
INSERT INTO condition_symptoms (condition_id, symptom_id) VALUES (14, 14);
INSERT INTO conditions (id, name, description, surgery, test, treatment) VALUES (15, 'زوائد قولونية', 'زوائد في جدار القولون غالبًا بدون أعراض، لكنها قد تتحول إلى أورام لاحقًا وتحتاج للمتابعة بالمنظار.', 'أحيانا', 'منظار', 'إزالة بالمنظار');
INSERT INTO conditions (id, name, description, surgery, test, treatment) VALUES (16, 'سرطان القولون', 'ورم خبيث في القولون يظهر غالبًا بنزيف في البراز ونقص في الوزن، خاصة فوق سن الأربعين.', 'غالبا', 'منظار', 'علاج أورام');
INSERT INTO condition_symptoms (condition_id, symptom_id) VALUES (16, 20);
INSERT INTO condition_symptoms (condition_id, symptom_id) VALUES (16, 6);
INSERT INTO conditions (id, name, description, surgery, test, treatment) VALUES (17, 'البواسير', 'تضخم في أوردة الشرج بسبب الإمساك، يسبب نزيفًا وألمًا عند التبرز.', 'أحيانا', 'فحص طبي', 'أدوية');
INSERT INTO condition_symptoms (condition_id, symptom_id) VALUES (17, 20);
INSERT INTO condition_symptoms (condition_id, symptom_id) VALUES (17, 21);
INSERT INTO conditions (id, name, description, surgery, test, treatment) VALUES (18, 'الشق الشرجي', 'جرح صغير في فتحة الشرج يسبب ألمًا شديدًا أثناء وبعد التبرز.', 'أحيانا', 'فحص', 'مراهم');
INSERT INTO condition_symptoms (condition_id, symptom_id) VALUES (18, 21);
INSERT INTO condition_symptoms (condition_id, symptom_id) VALUES (18, 22);
INSERT INTO conditions (id, name, description, surgery, test, treatment) VALUES (19, 'الناسور الشرجي', 'قناة غير طبيعية بين الشرج والجلد المحيط، تظهر بإفرازات متكررة وألم موضعي.', 'نعم', 'فحص', 'خراج أو جراحة');
INSERT INTO condition_symptoms (condition_id, symptom_id) VALUES (19, 23);
INSERT INTO conditions (id, name, description, surgery, test, treatment) VALUES (20, 'سرطان المستقيم', 'ورم خبيث في نهاية القولون/المستقيم، يظهر عادة بنزيف وألم في منطقة الشرج.', 'نعم', 'منظار', 'علاج أورام');
INSERT INTO condition_symptoms (condition_id, symptom_id) VALUES (20, 20);
INSERT INTO condition_symptoms (condition_id, symptom_id) VALUES (20, 21);
INSERT INTO conditions (id, name, description, surgery, test, treatment) VALUES (21, 'الكبد الدهني', 'تراكم الدهون على الكبد غالبًا مع السمنة، يسبب تعبًا وألمًا خفيفًا في الجزء الأيمن العلوي من البطن.', 'لا', 'تحليل وظائف كبد', 'نظام غذائي');
INSERT INTO condition_symptoms (condition_id, symptom_id) VALUES (21, 24);
INSERT INTO condition_symptoms (condition_id, symptom_id) VALUES (21, 14);
INSERT INTO conditions (id, name, description, surgery, test, treatment) VALUES (22, 'تليف الكبد', 'مرحلة متقدمة من أمراض الكبد المزمنة، يظهر معها تورم البطن وقد يحدث تجمع للسوائل.', 'نادر', 'تحليل + أشعة', 'علاج دوائي ومتابعة');
INSERT INTO condition_symptoms (condition_id, symptom_id) VALUES (22, 25);
INSERT INTO condition_symptoms (condition_id, symptom_id) VALUES (22, 24);
INSERT INTO conditions (id, name, description, surgery, test, treatment) VALUES (23, 'فيروس سي', 'عدوى فيروسية مزمنة في الكبد، قد تسبب تعبًا مزمنًا واصفرارًا في الجلد والعينين.', 'لا', 'تحليل دم', 'علاج دوائي');
INSERT INTO condition_symptoms (condition_id, symptom_id) VALUES (23, 24);
INSERT INTO condition_symptoms (condition_id, symptom_id) VALUES (23, 26);
INSERT INTO conditions (id, name, description, surgery, test, treatment) VALUES (24, 'سرطان الكبد', 'ورم خبيث في الكبد غالبًا على خلفية تليف، يظهر بألم في أعلى البطن ونقص في الوزن.', 'أحيانا', 'أشعة + تحليل', 'علاج أورام');
INSERT INTO condition_symptoms (condition_id, symptom_id) VALUES (24, 14);
INSERT INTO condition_symptoms (condition_id, symptom_id) VALUES (24, 6);
INSERT INTO conditions (id, name, description, surgery, test, treatment) VALUES (25, 'حصوات المرارة', 'حصوات داخل المرارة تسبب ألمًا في أعلى البطن خاصة بعد تناول الوجبات الدسمة.', 'غالبا', 'أشعة', 'مسكنات أو استئصال');
INSERT INTO condition_symptoms (condition_id, symptom_id) VALUES (25, 27);
INSERT INTO conditions (id, name, description, surgery, test, treatment) VALUES (26, 'التهاب المرارة', 'التهاب حاد في المرارة غالبًا بسبب الحصوات، يسبب ألمًا شديدًا وحمى أحيانًا.', 'نعم', 'أشعة', 'مضادات حيوية أو استئصال');
INSERT INTO condition_symptoms (condition_id, symptom_id) VALUES (26, 22);
INSERT INTO condition_symptoms (condition_id, symptom_id) VALUES (26, 27);
INSERT INTO conditions (id, name, description, surgery, test, treatment) VALUES (27, 'انسداد القناة المرارية', 'انسداد في القناة المرارية يؤدي إلى ركود العصارة الصفراوية وظهور اصفرار وألم شديد.', 'نعم', 'أشعة أو منظار', 'علاج لفتح القناة');
INSERT INTO condition_symptoms (condition_id, symptom_id) VALUES (27, 26);
INSERT INTO condition_symptoms (condition_id, symptom_id) VALUES (27, 22);
INSERT INTO conditions (id, name, description, surgery, test, treatment) VALUES (28, 'سرطان المرارة', 'ورم خبيث نادر في المرارة، يظهر عادة بألم في أعلى البطن ونقص في الوزن.', 'نعم', 'أشعة', 'علاج أورام');
INSERT INTO condition_symptoms (condition_id, symptom_id) VALUES (28, 14);
INSERT INTO condition_symptoms (condition_id, symptom_id) VALUES (28, 6);
INSERT INTO conditions (id, name, description, surgery, test, treatment) VALUES (29, 'التهاب البنكرياس الحاد', 'التهاب حاد في البنكرياس غالبًا مرتبط بحصوات المرارة، يسبب ألمًا شديدًا في أعلى البطن يحتاج إلى دخول المستشفى.', 'أحيانا', 'تحليل إنزيمات', 'علاج بالمستشفى');
INSERT INTO condition_symptoms (condition_id, symptom_id) VALUES (29, 22);
INSERT INTO conditions (id, name, description, surgery, test, treatment) VALUES (30, 'التهاب البنكرياس المزمن', 'التهاب مزمن في البنكرياس يؤدي إلى ألم مستمر وضعف في إفراز الإنزيمات الهاضمة.', 'أحيانا', 'أشعة', 'علاج دوائي ومتابعة');
INSERT INTO condition_symptoms (condition_id, symptom_id) VALUES (30, 28);
INSERT INTO condition_symptoms (condition_id, symptom_id) VALUES (30, 10);
INSERT INTO conditions (id, name, description, surgery, test, treatment) VALUES (31, 'سرطان البنكرياس', 'ورم خبيث في البنكرياس غالبًا ما يظهر بألم مبهم في البطن ونقص ملحوظ في الوزن.', 'أحيانا', 'أشعة', 'علاج أورام');
INSERT INTO condition_symptoms (condition_id, symptom_id) VALUES (31, 6);
INSERT INTO condition_symptoms (condition_id, symptom_id) VALUES (31, 14);
INSERT INTO conditions (id, name, description, surgery, test, treatment) VALUES (32, 'قصور البنكرياس', 'نقص في إفراز إنزيمات البنكرياس يسبب سوء هضم ونقصًا في امتصاص الدهون والفيتامينات.', 'لا', 'تحليل براز إنزيمات', 'إنزيمات هاضمة تعويضية');
INSERT INTO condition_symptoms (condition_id, symptom_id) VALUES (32, 10);
INSERT INTO condition_symptoms (condition_id, symptom_id) VALUES (32, 15);
